Update,zxh,H1,New,ShangHai,N/A,Pending,2017/6/1,0000-00-00,66,detail 
Update,luckylin,H1,Renewal,BeiJing,Financial Engineering,Clear,2017/6/1,2017/6/22,21,detail 
Update,larry516,F1,Renewal,ShangHai,CS,Pending,2017/6/1,0000-00-00,66,detail
Update,zmaplef,J1,Renewal,GuangZhou,materials science,Clear,2017/6/1,2017/6/26,25,detail 
Update,Explorer0601,F1,New,Europe,ECE,Clear,2017/6/1,2017/7/17,46,detail 
Update,brianhjt,B1,New,BeiJing,Materials Science and Eng,Clear,2017/6/1,2017/6/22,21,detail
Update,mmd,F1,Renewal,ShangHai,BIOENGINEERING,Clear,2017/6/1,2017/6/22,21,detail
Update,naiye,F1,Renewal,ShangHai,CS,Clear,2017/6/1,2017/7/5,34,detail 
Update,poplee,J1,Renewal,ChengDu,N/A,Pending,2017/6/1,0000-00-00,66,detail
Update,fill_10,F1,Renewal,BeiJing,Chemical Engineering,Clear,2017/6/2,2017/6/22,20,detail 
Update,TrevenLone,F1,New,BeiJing,CS MS,Clear,2017/6/2,2017/6/22,20,detail 
Update,cappu,F1,New,BeiJing,Computer Science,Clear,2017/6/2,2017/6/22,20,detail 
Update,bjkk,J1,New,BeiJing,information science,Clear,2017/6/2,2017/6/22,20,detail 
Update,SevisCheck,F1,New,ShangHai,XX,Clear,2017/6/2,2017/6/28,26,detail 
Update,niaofei,F1,Renewal,BeiJing,Materials Sci Eng,Clear,2017/6/2,2017/6/22,20,detail 
Update,Joielee,F1,New,BeiJing,Mechatronics master,Clear,2017/6/2,2017/6/22,20,detail 
Update,liuhb,J1,Renewal,ShangHai,EE,Clear,2017/6/2,2017/6/30,28,detail 
Update,jellyfish,H1,New,ShangHai,Business,Clear,2017/6/2,2017/6/28,26,detail
Update,amiaomimi,H4,New,ShangHai,Coastal engineering,Pending,2017/6/2,0000-00-00,65,detail
Update,kflijia,F1,Renewal,BeiJing,CS,Clear,2017/6/2,2017/7/5,33,detail
Update,dopamine,F1,New,BeiJing,MPH,Clear,2017/6/2,2017/6/23,21,detail
Update,yyy,F1,New,BeiJing,ECE,Clear,2017/6/2,2017/6/29,27,detail 
Update,stefs,H1,New,BeiJing,CS,Clear,2017/6/2,2017/6/27,25,detail 
Update,huang3,B2,Renewal,BeiJing,ME,Clear,2017/6/5,2017/7/19,44,detail 
Update,qdkac,F1,New,BeiJing,Computer Science,Pending,2017/6/5,0000-00-00,62,detail 
Update,huladuo,H1,New,BeiJing,Chemistry,Clear,2017/6/5,2017/7/5,30,detail 
Update,hellosquirrel,F1,New,BeiJing,Electrical and Electronic,Clear,2017/6/5,2017/6/22,17,detail 
Update,meltook,F1,Renewal,ShenYang,Mechanical Engineering,Clear,2017/6/5,2017/6/23,18,detail
Update,enjoylife123,H1,Renewal,ShenYang,CS,Pending,2017/6/5,0000-00-00,62,detail
Update,123456,B2,New,ShangHai,Mechanical Engineer,Clear,2017/6/5,2017/7/6,31,detail 
Update,wzy,F1,Renewal,GuangZhou,Mechanical Engineering,Pending,2017/6/5,0000-00-00,62,detail
Update,bunny,F1,New,BeiJing,Computer Engineering,Clear,2017/6/5,2017/6/30,25,detail
Update,Fanest,F1,New,GuangZhou,BME,Clear,2017/6/5,2017/6/30,25,detail 
Update,Yulin yang,F1,Renewal,ShangHai,Mechanical Engineering,Clear,2017/6/5,2017/6/27,22,detail 
Update,ftjack,F1,New,BeiJing,Petroleum Engineering,Pending,2017/6/5,0000-00-00,62,detail 
Update,GTT,B2,New,BeiJing,CS,Clear,2017/6/5,2017/7/10,35,detail
Update,xu13579,F1,New,BeiJing,CS,Clear,2017/6/5,2017/6/30,25,detail 
Update,lun0522,F1,New,BeiJing,ECE,Clear,2017/6/5,2017/7/19,44,detail 
Update,lalalala,F1,New,ShangHai,CHEM,Clear,2017/6/5,2017/6/30,25,detail 
Update,checkee124,F1,Renewal,GuangZhou,CS,Clear,2017/6/5,2017/6/30,25,detail 
Update,chinchilla,H4,New,BeiJing,environment science,Clear,2017/6/5,2017/7/13,38,detail 
Update,lisabug,B1,New,BeiJing,CS,Pending,2017/6/5,0000-00-00,62,detail 
Update,USAVISA,J1,New,BeiJing,N/A,Pending,2017/6/5,0000-00-00,62,detail
Update,xiuli,F1,New,BeiJing,CS,Clear,2017/6/5,2017/7/19,44,detail 
Update,Lilylily,F1,Renewal,ShenYang,CS,Clear,2017/6/6,2017/6/26,20,detail
Update,txxt,F1,New,BeiJing,Information Security,Clear,2017/6/6,2017/6/8,2,detail 
Update,jin000317,F1,New,BeiJing,Materials Science,Clear,2017/6/6,2017/7/12,36,detail 
Update,weikunz,F1,Renewal,BeiJing,Mechanical Engineering,Clear,2017/6/6,2017/7/12,36,detail
Update,wcp,F1,New,BeiJing,law,Clear,2017/6/6,2017/6/26,20,detail 
Update,2nd AP,F1,Renewal,ShangHai,ME,Pending,2017/6/6,0000-00-00,61,detail
Update,vince1991,H1,Renewal,ShangHai,CS,Clear,2017/6/6,2017/7/20,44,detail 
Update,duhaoze11,F1,New,BeiJing,CS,Clear,2017/6/6,2017/7/12,36,detail 
Update,952112549@qq.co,B1,New,ShangHai,uav,Clear,2017/6/6,2017/7/12,36,detail 
Update,NAOC,B1,New,BeiJing,Optical Engineer,Pending,2017/6/6,0000-00-00,61,detail 
Update,xxm8911,F1,Renewal,BeiJing,ME,Clear,2017/6/6,2017/7/11,35,detail
Update,ufotalent,L1,New,ShangHai,CS,Clear,2017/6/6,2017/7/11,35,detail 
Update,dashengboy,J1,New,BeiJing,Material Science,Pending,2017/6/6,0000-00-00,61,detail
Update,AA006WNZUU,B2,New,ShangHai,Automation,Clear,2017/6/6,2017/7/11,35,detail 
Update,csbiubiu,F1,New,ShangHai,cs,Clear,2017/6/6,2017/7/14,38,detail
Update,Honolulu,F1,New,BeiJing,Biomedical Sciences,Clear,2017/6/6,2017/7/12,36,detail
Update,Jiang,B1,New,ChengDu,Radio Science,Clear,2017/6/7,2017/7/7,30,detail
Update,arda,J1,New,ShangHai,CS,Pending,2017/6/7,0000-00-00,60,detail
Update,wjun,B1,New,ShangHai,material,Pending,2017/6/7,0000-00-00,60,detail
Update,oinkoink,H1,New,Europe,Finance,Pending,2017/6/7,0000-00-00,60,detail 
Update,checkj,B2,Renewal,Europe,Geoinformatics,Clear,2017/6/7,2017/7/6,29,detail
Update,jx1989,F1,Renewal,ShenYang,Aerospace Eng,Clear,2017/6/7,2017/6/8,1,detail 
Update,kxy,F1,New,ShangHai,Systems Engineering,Pending,2017/6/7,0000-00-00,60,detail
Update,DMT,J1,New,ShangHai,EE or Physics,Clear,2017/6/7,2017/7/3,26,detail 
Update,MYYJJ,B1,New,ChengDu,Hyperspectral Remote Sens,Clear,2017/6/7,2017/7/11,34,detail 
Update,adverb92,F1,New,BeiJing,Molecular Medicine,Clear,2017/6/7,2017/7/5,28,detail 
Update,haveidea,J1,Renewal,BeiJing,computer science,Pending,2017/6/7,0000-00-00,60,detail
Update,icetgv,B2,New,ChengDu,Communication Engineering,Clear,2017/6/7,2017/7/7,30,detail 
Update,YLR,F1,New,ChengDu,BME,Clear,2017/6/7,2017/7/13,36,detail 
Update,rollingcat,B2,New,BeiJing,Cell biology,Clear,2017/6/7,2017/7/10,33,detail 
Update,AA006ZY64G,B2,New,BeiJing,N/A,Clear,2017/6/7,2017/7/11,34,detail
Update,erikzhangw,F1,New,BeiJing,Physics,Clear,2017/6/7,2017/7/12,35,detail
Update,kyu_115s,F1,New,BeiJing,Computer Science,Pending,2017/6/7,0000-00-00,60,detail
Update,alexkipici,H1,New,ShangHai,Biochemistry,Clear,2017/6/8,2017/6/29,21,detail 
Update,DANTENG No1,F1,Renewal,ChengDu,Software engineering,Clear,2017/6/8,2017/6/13,5,detail 
Update,annica04,F1,Renewal,BeiJing,Industrial Engineering,Pending,2017/6/8,0000-00-00,59,detail
Update,zhiqiyu,F1,New,ChengDu,Geoinformation Science,Clear,2017/6/8,2017/7/7,29,detail 
Update,ezhen_hua,B1,New,BeiJing,environmental engineering,Clear,2017/6/8,2017/6/29,21,detail
Update,lj1979,B2,New,ShangHai,N/A,Pending,2017/6/8,0000-00-00,59,detail
Update,qumeiguo,B2,New,BeiJing,EE,Clear,2017/6/8,2017/7/12,34,detail 
Update,betterglobe,F1,Renewal,BeiJing,N/A,Pending,2017/6/8,0000-00-00,59,detail
Update,lh,B2,New,BeiJing,ji xie dian zi gong cheng,Clear,2017/6/8,2017/7/13,35,detail
Update,comedy,J1,New,BeiJing,Materials Science,Pending,2017/6/8,0000-00-00,59,detail
Update,pour,B2,New,ShangHai,software engineering,Clear,2017/6/8,2017/7/11,33,detail
Update,NewTanc,B1,New,ShangHai,Physics,Clear,2017/6/8,2017/7/10,32,detail
Update,ok515,F1,New,ShangHai,Chemistry,Clear,2017/6/8,2017/7/10,32,detail 
Update,YYQ,F1,Renewal,BeiJing,EE,Clear,2017/6/8,2017/7/18,40,detail 
Update,AA006******,B1,New,BeiJing,Agriculture Engineering,Clear,2017/6/8,2017/7/12,34,detail
Update,BubblesLu,J1,New,ShangHai,BME,Pending,2017/6/8,0000-00-00,59,detail 
Update,fuxingcn,L1,New,ShangHai,CEO,Clear,2017/6/8,2017/7/25,47,detail 
Update,AA006XJY0K,H4,Renewal,ShangHai,Transportation,Clear,2017/6/8,2017/7/19,41,detail
Update,colin,B1,New,ShangHai,Network administrator,Clear,2017/6/9,2017/7/6,27,detail 
Update,wxyz,H1,New,ChengDu,accounting,Clear,2017/6/9,2017/6/13,4,detail 
Update,Zhao,F1,Renewal,ShangHai,N/A,Clear,2017/6/9,2017/7/7,28,detail 
Update,WK,F1,New,ShangHai,Mechanical Engineering,Clear,2017/6/9,2017/7/3,24,detail 
Update,frost,B2,New,BeiJing,Aerospace,Clear,2017/6/9,2017/7/4,25,detail
Update,jk,J1,New,ShangHai,cs,Clear,2017/6/9,2017/6/28,19,detail 
Update,silva,J1,New,GuangZhou,Biomedical engineering,Clear,2017/6/9,2017/7/5,26,detail 
Update,lbk,F1,New,GuangZhou,Physics,Clear,2017/6/9,2017/7/5,26,detail 
Update,ZZZ,F1,Renewal,ChengDu,Mechanical Engineering,Clear,2017/6/9,2017/7/6,27,detail
Update,jerry,F1,New,BeiJing,Petroleum Engineering,Clear,2017/6/9,2017/7/12,33,detail
Update,AA006X2HI,F1,Renewal,BeiJing,CHEM,Clear,2017/6/9,2017/7/12,33,detail
Update,khmldhwh,F1,New,BeiJing,Ecology,Clear,2017/6/12,2017/7/12,30,detail 
Update,moxiaoguang,F1,New,ShangHai,MBA,Clear,2017/6/12,2017/6/16,4,detail
Update,wxh,F1,New,BeiJing,Astronomy,Clear,2017/6/12,2017/7/18,36,detail 
Update,zgx,F1,New,ShangHai,information security,Clear,2017/6/12,2017/7/12,30,detail 
Update,charlene,H1,New,ShangHai,N/A,Clear,2017/6/12,2017/6/17,5,detail
Update,SYL,F1,New,ShangHai,Business Analytics,Clear,2017/6/12,2017/6/22,10,detail 
Update,ukcarlos,B1,Renewal,ShangHai,Chemical Engineering,Pending,2017/6/12,0000-00-00,55,detail
Update,guangguang,B2,New,ShangHai,ENVIRONMENTAL ENGINEERING,Clear,2017/6/12,2017/6/22,10,detail 
Update,slauter,B2,New,BeiJing,aerospace,Clear,2017/6/12,2017/7/14,32,detail
Update,daisy002,J1,New,ShangHai,Law,Clear,2017/6/12,2017/6/28,16,detail
Update,AA006ZX1SQ,F1,New,ShangHai,EE,Pending,2017/6/12,0000-00-00,55,detail
Update,lalala,F1,New,BeiJing,CHEM,Clear,2017/6/12,2017/7/12,30,detail 
Update,11,F1,Renewal,ShenYang,ME,Clear,2017/6/12,2017/7/3,21,detail
Update,xf,J1,Renewal,ShangHai,medicine,Clear,2017/6/12,2017/7/7,25,detail 
Update,phoenixme1994,F1,New,ShangHai,Robotics,Pending,2017/6/12,0000-00-00,55,detail 
Update,Oshell,F1,New,BeiJing,Mechanical Engineering,Clear,2017/6/12,2017/7/11,29,detail 
Update,caoyuan3qiu,F1,Renewal,ShangHai,Biomedical Sciences,Clear,2017/6/12,2017/7/13,31,detail
Update,gcx3829,F1,New,ShangHai,CS,Pending,2017/6/12,0000-00-00,55,detail
Update,dbg666,F1,New,BeiJing,EE,Clear,2017/6/12,2017/7/13,31,detail 
Update,wshly2,F1,Renewal,BeiJing,Physics,Pending,2017/6/12,0000-00-00,55,detail
Update,shellshell,F1,New,ShangHai,Mechanical Engineering,Pending,2017/6/12,0000-00-00,55,detail
Update,zws,J1,New,ShangHai,mechanical engineering,Pending,2017/6/12,0000-00-00,55,detail
Update,Oshell,F1,New,BeiJing,N/A,Clear,2017/6/12,2017/7/18,36,detail
Update,MOSFET11,F1,New,BeiJing,ECE,Pending,2017/6/12,0000-00-00,55,detail 
Update,AA006YDRSY,F1,New,BeiJing,Biomedical Science,Pending,2017/6/12,0000-00-00,55,detail
Update,firefly,F1,New,ShangHai,Business Analytics,Pending,2017/6/12,0000-00-00,55,detail 
Update,AA006ZWMJW,F1,New,BeiJing,Petroleum Engineering,Pending,2017/6/12,0000-00-00,55,detail
Update,yoyoyoyo,F1,Renewal,ShangHai,Mechanical Engineering,Pending,2017/6/12,0000-00-00,55,detail 
Update,WY5566,J1,Renewal,BeiJing,ME,Pending,2017/6/12,0000-00-00,55,detail
Update,495074912@qq.co,F1,New,BeiJing,ECE,Pending,2017/6/12,0000-00-00,55,detail
Update,zjs,F1,New,BeiJing,mechanics,Pending,2017/6/13,0000-00-00,54,detail
Update,lhc,B1,New,Europe,Nanoscience,Clear,2017/6/13,2017/7/14,31,detail 
Update,aa007126ac,J1,New,Europe,Nanomaterials,Pending,2017/6/13,0000-00-00,54,detail 
Update,joshchin,F1,Renewal,ShangHai,business,Pending,2017/6/13,0000-00-00,54,detail 
Update,tzptzp,F1,Renewal,BeiJing,Civil Engineering,Clear,2017/6/13,2017/7/11,28,detail 
Update,clearclearclear,F1,New,ShangHai,Physics,Pending,2017/6/13,0000-00-00,54,detail
Update,sunnythonatos,F1,New,BeiJing,Materials Science,Clear,2017/6/13,2017/7/12,29,detail 
Update,9.46402E+14,F1,New,Europe,CS,Clear,2017/6/13,2017/7/28,45,detail
Update,6.66667E+12,F1,New,BeiJing,Chemical Engineering,Clear,2017/6/13,2017/7/12,29,detail 
Update,sym,F1,New,GuangZhou,Industrial engi,Clear,2017/6/13,2017/7/7,24,detail
Update,supersku,F1,New,ShangHai,Chemical Engineering,Clear,2017/6/13,2017/7/12,29,detail 
Update,Young R,J1,New,GuangZhou,optics and biomedical eng,Clear,2017/6/13,2017/7/13,30,detail 
Update,AA00719QC6,J1,New,ShangHai,Systems Biology,Clear,2017/6/13,2017/7/12,29,detail 
Update,JoJo,F1,New,ShangHai,Ocean Engineering,Clear,2017/6/13,2017/7/12,29,detail 
Update,giads,F1,New,ShangHai,interaction,Clear,2017/6/13,2017/7/13,30,detail 
Update,cpy,F1,Renewal,BeiJing,medicinal chemistry and m,Pending,2017/6/13,0000-00-00,54,detail 
Update,lhc,B1,New,Europe,nanoscience,Clear,2017/6/13,2017/7/14,31,detail 
Update,jack89567,F1,New,BeiJing,EE,Pending,2017/6/13,0000-00-00,54,detail 
Update,clearclearclear,F1,New,ShangHai,Physics,Clear,2017/6/13,2017/7/15,32,detail
Update,leioulion,J1,New,ShangHai,optics,Pending,2017/6/13,0000-00-00,54,detail
Update,gcx3829,F1,New,ShangHai,N/A,Clear,2017/6/13,2017/7/12,29,detail
Update,zx,B1,New,ShangHai,energy,Pending,2017/6/13,0000-00-00,54,detail
Update,fff000,B1,New,GuangZhou,CS,Clear,2017/6/13,2017/8/4,52,detail 
Update,E59312602,F1,New,BeiJing,Mechanics,Pending,2017/6/13,0000-00-00,54,detail
Update,wawa,F1,New,ShangHai,materials science and eng,Pending,2017/6/13,0000-00-00,54,detail
Update,lyf,F1,New,ShangHai,Industrial Engineering,Clear,2017/6/14,2017/7/12,28,detail 
Update,lx1007,F1,New,ShangHai,Drug Discovery&Developmen,Clear,2017/6/14,2017/7/14,30,detail 
Update,page,F1,New,GuangZhou,bioengineeringt,Pending,2017/6/14,0000-00-00,53,detail 
Update,dyf,B2,New,ShangHai,Information and Computing,Pending,2017/6/14,0000-00-00,53,detail
Update,synxourfuture,H1,New,ShangHai,Aerospace,Clear,2017/6/14,2017/7/17,33,detail 
Update,AA006ZT4ZO,J1,New,ShangHai,optics,Clear,2017/6/14,2017/7/14,30,detail 
Update,sangdenuodssc,F1,New,GuangZhou,ECE,Clear,2017/6/14,2017/7/7,23,detail
Update,qiao1988,H1,New,BeiJing,civil engineering,Clear,2017/6/14,2017/7/12,28,detail
Update,water6022,F1,Renewal,ShenYang,EE,Clear,2017/6/14,2017/7/7,23,detail
Update,dk561,F1,New,GuangZhou,Molecular Pharmacology,Clear,2017/6/14,2017/7/14,30,detail 
Update,bigfish,B1,New,GuangZhou,Machine Learning,Clear,2017/6/14,2017/7/7,23,detail 
Update,hz9423,F1,Renewal,BeiJing,ECE,Clear,2017/6/14,2017/7/12,28,detail 
Update,bz,H1,New,BeiJing,Bioinformatics,Pending,2017/6/14,0000-00-00,53,detail
Update,EvelynW,J1,New,ShangHai,Biomedical Sciences,Clear,2017/6/14,2017/7/12,28,detail 
Update,batter,J1,New,ShangHai,medicine,Pending,2017/6/14,0000-00-00,53,detail 
Update,Atest0101,H1,Renewal,ChengDu,Math,Clear,2017/6/14,2017/7/13,29,detail 
Update,randy,B2,New,BeiJing,netwoek,Pending,2017/6/14,0000-00-00,53,detail
Update,shitbaka,F1,Renewal,BeiJing,Biostatistics,Pending,2017/6/14,0000-00-00,53,detail
Update,yycheckee,F1,New,BeiJing,CS,Pending,2017/6/14,0000-00-00,53,detail
Update,Jolene,F1,New,ShangHai,CS-HCI,Pending,2017/6/14,0000-00-00,53,detail
Update,lin_joy,J2,New,ShangHai,Chemical Engineering,Pending,2017/6/14,0000-00-00,53,detail
Update,chris1125,F1,Renewal,GuangZhou,EE,Pending,2017/6/14,0000-00-00,53,detail
Update,txp,F1,New,ShenYang,EE,Pending,2017/6/14,0000-00-00,53,detail
Update,Chocolapple,F1,New,ShangHai,Computer Science,Clear,2017/6/15,2017/7/19,34,detail
Update,mmodyy,B1,New,BeiJing,Physics,Clear,2017/6/15,2017/7/24,39,detail 
Update,taiyaa,F1,Renewal,ShangHai,Mech. Eng,Clear,2017/6/15,2017/7/12,27,detail
Update,AA0070BOVW,F1,New,BeiJing,Instrument and Meter Engi,Pending,2017/6/15,0000-00-00,52,detail
Update,AA0070BOVW,B2,New,BeiJing,Instrument and Meter Engi,Pending,2017/6/15,0000-00-00,52,detail
Update,nickniu,F1,New,BeiJing,EE,Pending,2017/6/15,0000-00-00,52,detail
Update,XJW,J1,New,ShangHai,Biomedical Sciences,Clear,2017/6/15,2017/7/14,29,detail 
Update,WHH,J1,New,BeiJing,Biology,Clear,2017/6/15,2017/7/14,29,detail
Update,WHH,J2,New,BeiJing,Biology,Clear,2017/6/15,2017/7/14,29,detail
Update,lixin4306ren,H1,New,GuangZhou,biomedicine,Pending,2017/6/15,0000-00-00,52,detail
Update,YWH,F1,Renewal,ShangHai,EE,Clear,2017/6/15,2017/7/14,29,detail 
Update,AA0071MCYA,F1,New,ChengDu,materials science,Pending,2017/6/15,0000-00-00,52,detail
Update,AA00713KZG,B1,New,BeiJing,CS,Pending,2017/6/15,0000-00-00,52,detail
Update,lihong1209,J1,New,BeiJing,physical Chemistry,Pending,2017/6/15,0000-00-00,52,detail
Update,DV2017EU****,L1,New,Others,Information and Computing,Clear,2017/6/15,2017/7/26,41,detail 
Update,Kiki,F1,New,ShangHai,Medicinal Chemistry,Pending,2017/6/15,0000-00-00,52,detail 
Update,titixish,F1,Renewal,GuangZhou,Mechanical Engineering,Pending,2017/6/15,0000-00-00,52,detail
Update,fjwf95168,J1,New,GuangZhou,basic medicine,Pending,2017/6/15,0000-00-00,52,detail 
Update,wjr,F1,Renewal,GuangZhou,Chemical engineering,Clear,2017/6/15,2017/8/3,49,detail
Update,HQ,F1,New,ShenYang,Mechanical Engineering,Pending,2017/6/15,0000-00-00,52,detail 
Update,zykhcheck,F1,New,BeiJing,EE,Clear,2017/6/16,2017/7/14,28,detail
Update,XJZhang,F1,New,GuangZhou,Computer Science,Pending,2017/6/16,0000-00-00,51,detail 
Update,Lysergids,F1,Renewal,ShangHai,Information Systems,Clear,2017/6/16,2017/6/19,3,detail 
Update,Xudong,B1,New,BeiJing,Remote Sensing,Clear,2017/6/16,2017/7/12,26,detail 
Update,qingniao,J1,New,BeiJing,Immunology,Clear,2017/6/16,2017/7/12,26,detail
Update,Delilah,F1,New,Europe,aerospace,Pending,2017/6/16,0000-00-00,51,detail 
Update,david,B2,New,BeiJing,MicroBiology,Clear,2017/6/16,2017/7/20,34,detail
Update,wjming,H1,Renewal,ShangHai,Biomedical Engineering,Pending,2017/6/16,0000-00-00,51,detail
Update,AA006ZI12I,F1,New,GuangZhou,Human-Computer Interactio,Pending,2017/6/16,0000-00-00,51,detail
Update,c33,F1,New,ShangHai,Chemistry,Clear,2017/6/16,2017/7/14,28,detail
Update,AA0070AXQ6,F1,New,BeiJing,education,Pending,2017/6/16,0000-00-00,51,detail
Update,AA006YZNRM,F1,New,BeiJing,EE,Pending,2017/6/16,0000-00-00,51,detail
Update,pwangruge,B1,Renewal,BeiJing,Astrodynamics,Clear,2017/6/16,2017/7/14,28,detail 
Update,cpu0029,J1,Renewal,ChengDu,Biology,Clear,2017/6/16,2017/7/13,27,detail 
Update,zrq,F1,New,BeiJing,ECE,Clear,2017/6/16,2017/7/17,31,detail
Update,xie,J1,New,ShenYang,Computer Science,Pending,2017/6/16,0000-00-00,51,detail
Update,checkee0616,F1,New,BeiJing,EE,Pending,2017/6/16,0000-00-00,51,detail
Update,Lord_Illidan,B1,Renewal,ShangHai,ME,Clear,2017/6/16,2017/7/20,34,detail 
Update,shihaohu,F1,Renewal,BeiJing,Biomedical engineering,Clear,2017/6/16,2017/7/25,39,detail
Update,1504,B1,New,ShangHai,Optical engineering,Clear,2017/6/16,2017/7/21,35,detail 
Update,caitaozhan,F1,New,GuangZhou,CS,Pending,2017/6/16,0000-00-00,51,detail
Update,Anna,F1,New,GuangZhou,Electrical and Computer S,Pending,2017/6/16,0000-00-00,51,detail
Update,huangh223,F1,New,GuangZhou,CS,Pending,2017/6/16,0000-00-00,51,detail
Update,PeachKiller,F1,New,ShenYang,Software Engineering,Clear,2017/6/19,2017/7/12,23,detail 
Update,lyy,F1,New,ChengDu,Astronomy,Clear,2017/6/19,2017/6/22,3,detail
Update,ccc,H1,New,ShangHai,N/A,Pending,2017/6/19,0000-00-00,48,detail
Update,ssssss,H1,New,ShangHai,N/A,Clear,2017/6/19,2017/6/29,10,detail 
Update,hhy492082840,J1,New,BeiJing,N/A,Pending,2017/6/19,0000-00-00,48,detail
Update,appleyue,F1,Renewal,ShangHai,mechanical engineering,Clear,2017/6/19,2017/7/14,25,detail 
Update,ZZ_SH,H1,Renewal,ShangHai,ME,Clear,2017/6/19,2017/7/14,25,detail 
Update,tz,J1,Renewal,ShangHai,BME,Clear,2017/6/19,2017/7/6,17,detail
Update,LONG0907,J1,New,ShangHai,Medical Biology,Clear,2017/6/19,2017/7/14,25,detail 
Update,AA0070VQD8,B2,New,BeiJing,Fluid machinery,Pending,2017/6/19,0000-00-00,48,detail 
Update,smilingalways,B1,New,BeiJing,RS,Pending,2017/6/19,0000-00-00,48,detail
Update,SHEN,F1,New,BeiJing,EE,Clear,2017/6/19,2017/7/14,25,detail
Update,zhaoyunqin123,F1,New,ShangHai,EE,Clear,2017/6/19,2017/7/17,28,detail
Update,leonsquare,H1,New,ShenYang,CS,Pending,2017/6/19,0000-00-00,48,detail
Update,yyg,F1,New,HongKong,Biomed Sci,Clear,2017/6/19,2017/7/24,35,detail 
Update,hyy2046,J1,New,ShangHai,N/A,Pending,2017/6/19,0000-00-00,48,detail
Update,lake,F1,New,ChengDu,EE,Pending,2017/6/19,0000-00-00,48,detail
Update,xiangjunzhan,F1,New,ShangHai,Chemistry,Clear,2017/6/19,2017/7/25,36,detail 
Update,lr,F1,New,BeiJing,pharmaceutical sciences,Pending,2017/6/19,0000-00-00,48,detail
Update,yyyyyy,J1,New,ShangHai,OE,Pending,2017/6/19,0000-00-00,48,detail 
Update,SHEN,F1,New,BeiJing,EE,Pending,2017/6/20,0000-00-00,47,detail
Update,Alan04,F1,Renewal,BeiJing,Computer Engineering,Clear,2017/6/20,2017/7/14,24,detail 
Update,cw2017,F1,New,ShangHai,Environmental Toxicology,Clear,2017/6/20,2017/7/24,34,detail 
Update,jokequeen,F1,New,ShangHai,MBA,Clear,2017/6/20,2017/6/29,9,detail 
Update,nceiv4,H1,New,BeiJing,Mechanical engineering,Clear,2017/6/20,2017/7/14,24,detail
Update,sjf,F1,New,ShenYang,計算機碩士,Clear,2017/6/20,2017/7/13,23,detail 
Update,luochao_whu,B1,New,ShangHai,EE,Clear,2017/6/20,2017/7/14,24,detail 
Update,SYN,F1,New,BeiJing,Biotechnology,Pending,2017/6/20,0000-00-00,47,detail
Update,razhangwei,F1,Renewal,ShangHai,Computer Science,Clear,2017/6/20,2017/7/13,23,detail 
Update,AA007,F1,Renewal,ShangHai,CS,Clear,2017/6/20,2017/7/25,35,detail 
Update,E82256623,J1,New,BeiJing,BME,Clear,2017/6/20,2017/7/14,24,detail 
Update,hercules,F1,New,ShangHai,cs,Clear,2017/6/20,2017/7/14,24,detail 
Update,tirpbk,F1,Renewal,BeiJing,ECE Ph.D,Clear,2017/6/20,2017/7/18,28,detail 
Update,allul,J1,New,BeiJing,information science,Clear,2017/6/20,2017/7/25,35,detail 
Update,hedch,F1,New,ShangHai,ECE,Pending,2017/6/20,0000-00-00,47,detail 
Update,xacd2017,J1,New,ChengDu,CS,Pending,2017/6/20,0000-00-00,47,detail
Update,WJY,F1,New,BeiJing,Mechanical Engineering,Pending,2017/6/20,0000-00-00,47,detail
Update,favernova,B1,New,BeiJing,Computer Science,Clear,2017/6/21,2017/7/18,27,detail 
Update,jiyq,B2,Renewal,ShangHai,N/A,Pending,2017/6/21,0000-00-00,46,detail
Update,jiyy,B2,New,ShangHai,N/A,Pending,2017/6/21,0000-00-00,46,detail
Update,snowkylin,J1,New,GuangZhou,Computer Science and Tech,Pending,2017/6/21,0000-00-00,46,detail 
Update,licheeeeee,F1,Renewal,Europe,Civil Engineering,Clear,2017/6/21,2017/7/19,28,detail 
Update,ATPIG,F1,New,ShenYang,CHEMICAL ENGINEERING,Clear,2017/6/21,2017/7/13,22,detail
Update,evalar,B1,New,BeiJing,statistic,Clear,2017/6/21,2017/7/18,27,detail 
Update,Demo,F1,New,BeiJing,CS-Robotics,Clear,2017/6/21,2017/7/14,23,detail 
Update,wyd,F1,New,ShangHai,Computer Science,Clear,2017/6/21,2017/7/21,30,detail 
Update,yxc,F1,New,BeiJing,ECHE,Pending,2017/6/21,0000-00-00,46,detail
Update,INnoVation,F1,Renewal,ShangHai,Chemical Engineering,Clear,2017/6/21,2017/7/19,28,detail 
Update,E67677375,F1,New,BeiJing,Oil and gas development,Pending,2017/6/21,0000-00-00,46,detail
Update,kerstin,L1,Renewal,Others,Network Engineer,Pending,2017/6/21,0000-00-00,46,detail
Update,wanghedi1991,F1,Renewal,ShenYang,Information Security,Pending,2017/6/21,0000-00-00,46,detail
Update,river,F1,New,ShangHai,CS,Pending,2017/6/21,0000-00-00,46,detail 
Update,wjksamael,F1,New,ChengDu,material science and engi,Pending,2017/6/21,0000-00-00,46,detail
Update,mimesis,F1,New,ShangHai,Information Science,Clear,2017/6/22,2017/7/14,22,detail 
Update,cen,B2,New,ShangHai,Computer Science,Pending,2017/6/22,0000-00-00,45,detail 
Update,nebgnahz,F1,Renewal,GuangZhou,Computer Science,Clear,2017/6/22,2017/7/14,22,detail 
Update,zycboy1995,F1,New,ShangHai,Materials Science and Eng,Clear,2017/6/22,2017/7/19,27,detail
Update,jkwonders,F1,New,ChengDu,statistics,Clear,2017/6/22,2017/7/24,32,detail 
Update,new2017,L1,Renewal,ShangHai,N/A,Clear,2017/6/22,2017/7/14,22,detail 
Update,lyy,F1,Renewal,ShangHai,Computer Engineering,Clear,2017/6/22,2017/7/25,33,detail 
Update,hsf,F1,New,ChengDu,Biotechnology,Clear,2017/6/22,2017/7/25,33,detail
Update,22-Jun,F1,Renewal,ChengDu,ECE,Clear,2017/6/22,2017/7/24,32,detail
Update,tmaccccc,F1,New,ChengDu,EE,Clear,2017/6/22,2017/7/25,33,detail 
Update,Moonshine,F1,Renewal,ShangHai,Physics,Pending,2017/6/22,0000-00-00,45,detail
Update,wbh15,B2,Renewal,BeiJing,Electrical Engineering,Pending,2017/6/22,0000-00-00,45,detail
Update,fox,F1,New,BeiJing,Electrical and Electronic,Clear,2017/6/23,2017/7/21,28,detail
Update,Kai Hu,F1,Renewal,GuangZhou,Optical Sciences,Clear,2017/6/23,2017/6/25,2,detail
Update,king,B2,New,BeiJing,Chemistry,Clear,2017/6/23,2017/7/17,24,detail
Update,ll123,F1,New,ShangHai,Agricultural Econ,Clear,2017/6/23,2017/7/5,12,detail
Update,sebastian,J1,New,BeiJing,Mechanical Engineering,Clear,2017/6/23,2017/7/17,24,detail 
Update,bbq123,B1,New,ShangHai,Optics,Pending,2017/6/23,0000-00-00,44,detail
Update,cxturkey,B1,New,BeiJing,Pathology,Clear,2017/6/23,2017/7/25,32,detail
Update,imnotspock,J1,New,GuangZhou,biochemistry,Clear,2017/6/23,2017/7/21,28,detail 
Update,labixiaoxin,F1,Renewal,BeiJing,Computer Science,Clear,2017/6/23,2017/7/26,33,detail 
Update,jackdoson,H1,New,ShangHai,EE,Clear,2017/6/23,2017/7/31,38,detail 
Update,ZGC,J1,New,BeiJing,Biology,Clear,2017/6/23,2017/7/26,33,detail 
Update,JoeJoe,F1,Renewal,BeiJing,ECE,Clear,2017/6/23,2017/7/25,32,detail
Update,rachelshiq,F1,New,ShangHai,CS,Pending,2017/6/23,0000-00-00,44,detail
Update,msnzj,J1,New,ShangHai,Physics/ME,Pending,2017/6/23,0000-00-00,44,detail
Update,lemonade,F1,New,ShangHai,CS,Pending,2017/6/23,0000-00-00,44,detail
Update,AA0071IJGU,F1,Renewal,GuangZhou,ECE,Pending,2017/6/23,0000-00-00,44,detail
Update,cjy,B1,New,ShangHai,Conmputer science,Pending,2017/6/23,0000-00-00,44,detail
Update,sunyuyu,F1,New,ShangHai,cs,Pending,2017/6/23,0000-00-00,44,detail 
Update,wujian19920000@,B1,New,ShangHai,ME,Pending,2017/6/23,0000-00-00,44,detail 
Update,yimi,F1,New,ChengDu,N/A,Pending,2017/6/23,0000-00-00,44,detail
Update,mochitsuki,F1,New,GuangZhou,Electromechanical enginee,Pending,2017/6/23,0000-00-00,44,detail
Update,wodeng,H1,New,BeiJing,Computer Science,Pending,2017/6/26,0000-00-00,41,detail 
Update,rockywang225,B2,New,BeiJing,Information Network and S,Pending,2017/6/26,0000-00-00,41,detail
Update,zjs,F1,New,GuangZhou,Electric and Computer Eng,Pending,2017/6/26,0000-00-00,41,detail
Update,fiona,F1,Renewal,ShangHai,Biological Sciences,Clear,2017/6/26,2017/7/21,25,detail 
Update,zhuzhu90,F1,Renewal,BeiJing,Biology,Clear,2017/6/26,2017/7/24,28,detail 
Update,zly,F1,New,ChengDu,EE,Clear,2017/6/26,2017/7/24,28,detail
Update,chrisycc,F1,Renewal,ShangHai,Materials Science,Clear,2017/6/26,2017/7/25,29,detail
Update,yangsuli,F1,Renewal,ChengDu,CS,Clear,2017/6/26,2017/7/25,29,detail
Update,AA006XUUK4,J1,New,ShangHai,N/A,Pending,2017/6/26,0000-00-00,41,detail
Update,yynuaa,F2,Renewal,BeiJing,ME,Clear,2017/6/26,2017/7/25,29,detail
Update,wentao.wu,F1,New,ShangHai,EE,Pending,2017/6/26,0000-00-00,41,detail
Update,Kevin,J1,New,ShangHai,dentistry,Clear,2017/6/26,2017/7/21,25,detail
Update,AA00702F9U,F1,New,GuangZhou,Applied Physics,Pending,2017/6/26,0000-00-00,41,detail
Update,lonelyivy,J1,New,BeiJing,Condensed matter physics,Pending,2017/6/26,0000-00-00,41,detail 
Update,lss19940408,F1,New,ChengDu,Mechanical Enigneering,Clear,2017/6/26,2017/7/25,29,detail 
Update,chrisycc,F1,New,ShangHai,Materials Science,Clear,2017/6/26,2017/7/25,29,detail 
Update,yyyy,F1,New,ShangHai,Mechanical Engineering,Clear,2017/6/26,2017/7/25,29,detail 
Update,satreye,B1,New,BeiJing,OE,Pending,2017/6/26,0000-00-00,41,detail
Update,57447856,B2,New,GuangZhou,optics,Pending,2017/6/26,0000-00-00,41,detail
Update,FoxyHulky,F1,New,ShenYang,CS,Pending,2017/6/26,0000-00-00,41,detail 
Update,ke_lingyun,F1,New,ShangHai,CS,Pending,2017/6/26,0000-00-00,41,detail
Update,ggggg,F1,New,ShangHai,Mining Engineering,Pending,2017/6/27,0000-00-00,40,detail
Update,bozailaw,F1,Renewal,ChengDu,ECE,Clear,2017/6/27,2017/7/27,30,detail
Update,yqyou,B1,New,ShangHai,PESTICIDE SCIENCE,Clear,2017/6/27,2017/8/9,43,detail 
Update,salsalsal877,B2,New,BeiJing,MFI,Pending,2017/6/27,0000-00-00,40,detail
Update,Leo_Yee,F1,New,ShangHai,Information Technology,Clear,2017/6/27,2017/7/26,29,detail
Update,hanmierden,F1,New,ChengDu,computer network and tele,Clear,2017/6/27,2017/7/24,27,detail 
Update,Shanranhuang,F1,New,BeiJing,Pathobiology,Pending,2017/6/27,0000-00-00,40,detail
Update,cowang,L1,New,BeiJing,Electronic Engineering,Pending,2017/6/27,0000-00-00,40,detail
Update,lisse,J2,New,Toronto,Material Science,Pending,2017/6/27,0000-00-00,40,detail
Update,lightning.wu,L1,New,BeiJing,CS,Clear,2017/6/27,2017/7/26,29,detail 
Update,xinlimeidianbsh,F1,Renewal,ChengDu,Bioinformatics,Clear,2017/6/27,2017/7/24,27,detail 
Update,ustcwmin,F1,Renewal,ShangHai,Math Biology and Biostat,Pending,2017/6/27,0000-00-00,40,detail 
Update,fanguo1,F1,New,ShangHai,CS,Pending,2017/6/27,0000-00-00,40,detail
Update,Hellca,J1,New,BeiJing,Mechanical Engineering,Pending,2017/6/27,0000-00-00,40,detail
Update,XQ,F1,Renewal,ShangHai,Electrical Engineering,Clear,2017/6/27,2017/7/31,34,detail
Update,Rjk,F1,Renewal,ShangHai,Mechanical engineering,Pending,2017/6/27,0000-00-00,40,detail
Update,Crystal,H1,Renewal,ShangHai,Optoelectronics / Semicon,Pending,2017/6/27,0000-00-00,40,detail 
Update,John,B2,New,Others,Astronautics,Pending,2017/6/27,0000-00-00,40,detail
Update,KDUPDATEXWL,F1,New,BeiJing,COMPUTER SYSTEMS,Pending,2017/6/27,0000-00-00,40,detail
Update,jingjingbit,B1,New,BeiJing,E.E,Pending,2017/6/27,0000-00-00,40,detail 
Update,hp19912017,F1,Renewal,BeiJing,CS,Pending,2017/6/27,0000-00-00,40,detail
Update,liuym,J1,New,ShangHai,TCSOL,Pending,2017/6/27,0000-00-00,40,detail 
Update,bigfish,F1,New,ShangHai,Material science,Pending,2017/6/27,0000-00-00,40,detail
Update,xiangzhou,J1,New,Others,Materials science,Pending,2017/6/27,0000-00-00,40,detail
Update,noMrcheck,F1,New,BeiJing,Business,Clear,2017/6/28,2017/7/11,13,detail 
Update,ougui9,F1,New,ShangHai,ME,Pending,2017/6/28,0000-00-00,39,detail
Update,dongxf,F1,Renewal,BeiJing,psychology,Pending,2017/6/28,0000-00-00,39,detail 
Update,xiaonan,L1,Renewal,ShangHai,MBA,Pending,2017/6/28,0000-00-00,39,detail
Update,Aaaggghhh,H1,New,Vancouver,CS,Clear,2017/6/28,2017/7/5,7,detail 
Update,meredith0322,F1,New,ShangHai,Biostatistics,Pending,2017/6/28,0000-00-00,39,detail 
Update,xiao4816,B1,New,ShangHai,MIS,Pending,2017/6/28,0000-00-00,39,detail
Update,tongling,F1,New,BeiJing,Plant pathology,Clear,2017/6/28,2017/8/1,34,detail 
Update,uncertainty,H1,New,Others,Robotics,Pending,2017/6/28,0000-00-00,39,detail
Update,zky0708,F1,Renewal,ShangHai,EE,Clear,2017/6/28,2017/7/28,30,detail 
Update,plover,F1,New,ShangHai,Mechanical Engineering,Clear,2017/6/28,2017/7/26,28,detail 
Update,ForSylvanas2017,F1,New,BeiJing,Computer software and the,Clear,2017/6/28,2017/7/25,27,detail
Update,xrc0707,F1,New,ShangHai,Information System,Pending,2017/6/28,0000-00-00,39,detail
Update,ppxx,B1,New,BeiJing,Biology,Clear,2017/6/28,2017/7/25,27,detail
Update,E64297172,F1,New,ShangHai,Material,Pending,2017/6/28,0000-00-00,39,detail
Update,luolsph,F1,Renewal,ShangHai,Biostatistics,Pending,2017/6/28,0000-00-00,39,detail
Update,AA0072NWK6,B1,New,BeiJing,N/A,Pending,2017/6/28,0000-00-00,39,detail
Update,simplexyzn,F1,New,ChengDu,Robotics,Pending,2017/6/29,0000-00-00,38,detail
Update,Ryan Choi,B1,New,GuangZhou,Marketing,Clear,2017/6/29,2017/7/25,26,detail 
Update,licongpeng,J1,Renewal,BeiJing,physics,Pending,2017/6/29,0000-00-00,38,detail
Update,abbye,F1,Renewal,BeiJing,EE,Pending,2017/6/29,0000-00-00,38,detail 
Update,lelelemon,B1,New,BeiJing,geology,Pending,2017/6/29,0000-00-00,38,detail
Update,E06060660,F1,New,GuangZhou,EE,Clear,2017/6/29,2017/7/27,28,detail 
Update,iamzbq,F1,New,ChengDu,CS,Clear,2017/6/29,2017/7/21,22,detail 
Update,houhou,B2,New,ShangHai,N/A,Pending,2017/6/29,0000-00-00,38,detail
Update,mm21,F1,New,BeiJing,N/A,Pending,2017/6/29,0000-00-00,38,detail
Update,fdy,J1,New,BeiJing,neuroscience,Pending,2017/6/29,0000-00-00,38,detail
Update,classictang,B1,New,ShangHai,Pharmacy,Pending,2017/6/29,0000-00-00,38,detail
Update,MENG070629L,J1,New,BeiJing,Biology,Pending,2017/6/29,0000-00-00,38,detail
Update,ruozhimilan,J1,New,ShenYang,Information and communica,Pending,2017/6/29,0000-00-00,38,detail
Update,mium,B2,New,ShangHai,EE,Pending,2017/6/30,0000-00-00,37,detail
Update,Huaping,B1,New,GuangZhou,EE,Clear,2017/6/30,2017/7/28,28,detail 
Update,yugung,F1,New,ShenYang,CS,Clear,2017/6/30,2017/7/26,26,detail 
Update,Lannister,F1,New,ShangHai,Robotics,Pending,2017/6/30,0000-00-00,37,detail
Update,shengfengli,F1,New,BeiJing,Computer Science,Pending,2017/6/30,0000-00-00,37,detail 
Update,gggggggggg,J1,New,GuangZhou,Math,Clear,2017/6/30,2017/7/26,26,detail 
Update,haochizui,F1,New,ChengDu,EE,Clear,2017/6/30,2017/8/3,34,detail 
Update,Kun Yang,F1,New,BeiJing,EE,Pending,2017/6/30,0000-00-00,37,detail
Update,maxer028,B1,New,GuangZhou,CS,Pending,2017/6/30,0000-00-00,37,detail
